,epoch,train_loss,val_loss
0,1,1671.894600391388,0.0
1,2,1469.6002469062805,0.0
2,3,1468.809105873108,0.0
3,4,1466.8751606941223,0.0
